INSERT INTO users VALUES
  ('db974300-f2e0-3970-a0cc-002741ae40fc','Flo','Feest','qchamplin@example.org','(428)593-9394x83417','1abc1885e039bc74f7e3443b17d024ab5159deef','1975-07-15',80,'male','admin',true,'1978-06-07 04:13:23','2013-12-19 23:11:10'),
  ('e5ca4ec7-cdd7-31a9-8f13-0137f8e579ab','Camden','Hara','kdooley@example.com','000.662.8150','d03b41b4b7f477dc26009352e6b3eb9fb39b6042','1975-10-16',55,'male','government',false, '2008-05-22 15:08:56','1973-12-22 18:55:52'),
  ('a05e0154-473d-319f-908b-038b45600e4b','Trenton','Maggio','westley34@example.com','922-090-9675x973','b067c786aa229ed9c327f0e0a0f84d5dbd53a072','1998-08-14',29,'male','user',false, '2007-07-07 23:44:03','1977-07-05 13:02:14'),
  ('680c8a9f-76a8-300a-9b36-0f0e1dadd613','Luigi','Stehr','itzel52@example.net','313.086.4579','551676fee5d33a35c4116e4d4fc0035be7f867e3','2001-04-06',26,'male','business_owner',false, '1973-06-15 02:45:59','2001-12-07 23:25:44'),
  ('1c668f3b-0778-30b6-9a26-13dd4894964a','Wendy','Wyman','keshaun26@example.org','1-527-864-7824','aebb66b7b03c7667726373bab68a9a49eef0e4d7','1986-10-08',39,'female','admin',false, '1974-12-29 11:55:45','1998-05-27 14:32:15'),
  ('058b6a15-8269-3ec7-9dcd-145a0d63ef5e','Kaylie','Schroeder','dibbert.nella@example.com','+19(8)2444467542','a17c2df95727349eafa6bb8a7be91b8e5d18c9d3','2005-12-13',77,'male','admin',true,'1970-08-10 10:50:55','2023-02-03 03:21:24'),
  ('05f9bd3f-6797-3ea2-8cfa-15d501257a85','Jessy','Grant','matt.medhurst@example.org','00889015532','a4e5f524be8739fa8e078669c041f0d4902fecce','1975-08-16',21,'male','user',false, '1998-07-05 04:49:22','2013-01-23 21:33:22'),
  ('2320d175-bd96-383f-9b25-162ba38cd207','Geovanny','Erdman','weimann.eden@example.net','1-851-381-6037x52583','45596ef7768fa5299bf428b7c190745227eef949','1990-05-08',29,'female','business_owner',false, '2012-10-11 12:04:03','1981-06-15 09:57:07'),
  ('ae065c33-a47f-3f89-b732-1d2c067c3129','George','Schuppe','hillary58@example.org','993-203-9477','8693a3ec52e901f1be237a0d8893b2a78ca09210','2014-04-12',86,'female','admin',false, '1984-04-19 22:20:34','1974-12-09 05:45:03'),
  ('2ecef76f-8b48-3955-959f-21ddfa72b710','Isidro','Ullrich','barrows.beaulah@example.org','03028006742','972120cba3d8bceead7c70e18f59f7c650f7d79c','1996-12-07',53,'female','business_owner',false, '2015-04-23 18:31:08','2007-08-07 22:22:50'),
  ('3b3d47c1-ef65-314f-ab42-2241175f77a1','Marguerite','Blick','vandervort.katelin@example.com','(881)464-7560x59876','498488a53c650bc34f9c2415e9c0340d354314c2','1997-12-15',49,'female','admin',true, '2016-01-11 21:55:03','1999-10-27 15:54:29'),
  ('ddccdb54-b818-3e9a-83b2-238b65d1db40','Presley','Windler','sipes.june@example.net','1-868-589-0535','352fe89034dc34373bbe400a3c9076f2aaf36497','2018-01-15',61,'male','business_owner',false, '1973-01-03 17:11:12','2002-05-30 23:37:41'),
  ('a247e496-ff47-3a3a-91b4-24ea40cc476a','Ignatius','Ortiz','mcdermott.dewayne@example.com','343.241.8481x80227','dc5e0f5d7105859f0e05cad06c11cd27b9a27045','2012-04-05',13,'male','admin',true,'1994-09-11 22:13:26','1985-02-11 17:07:14'),
  ('1b2703b8-c813-3b44-8a10-2a52f253b15d','Alexzander','Crist','torp.samson@example.com','1-730-484-2654','c95d7e6f0907bf8b91116eccd3beee293f6b2fc9','2024-01-15',29,'male','business_owner',false, '1993-08-15 10:30:36','1979-04-08 07:03:32'),
  ('b54d80dd-95f8-307a-8c4b-2b3a264ac339','Misael','Schamberger','williamson.terry@example.net','1-419-138-9426x59668','1f082b90417474545bebb5bf5524bcd686220bea','2019-01-19',35,'female','government',true,'1995-04-02 17:35:19','1992-06-30 06:06:47'),
  ('31a4c7e0-8b90-3955-8300-2cf0855436d4','Vincent','Cartwright','kale17@example.com','181-716-7614','ee42555877cdffc6690f13605d554781ff5e76df','1992-06-06',33,'female','user',false, '2008-07-28 10:23:13','1988-11-10 01:24:14'),
  ('277e249d-fc66-3106-b2f2-2d70dbdd5cd1','Osborne','Witting','tsteuber@example.net','1-798-960-8200x062','c50431dd5021ba098bf718956d96f7605fcf21f4','2015-07-13',90,'male','government',true, '2023-09-18 07:53:21','1981-05-12 14:57:47'),
  ('61780df9-8bf5-35ed-a6c8-2f2d01fde08d','Skylar','Romaguera','eunice21@example.com','099.969.2339x937','fae40ffe8977cb990807ed18d0945b9a002af0fa','2017-06-15',60,'male','driver',false, '2023-02-05 19:26:48','1978-05-10 11:15:04'),
  ('4d144dd8-0e12-3b54-a1b3-2f82498ac0bd','Rodrick','Kozey','lindgren.chadd@example.org','1-510-400-1205','e576f4f922f30e090811e34f3d4d7c5000162b09','1993-11-06',54,'male','user',true,'1993-01-17 01:19:22','2004-01-29 19:11:44'),
  ('51521841-06a2-32cb-8cd0-317d4f2a9af5','Pierce','Hartmann','brath@example.com','(930)248-7698','9c0c1307af9c8f32348fa7119a3d65a117c814cd','1978-08-18',65,'female','business_owner',true,'1989-01-15 04:28:31','2014-09-02 05:05:04'),
  ('5d77f5b0-3fa3-3ea5-9556-318c3f90f1e1','Emelia','Walker','bins.ian@example.com','807.264.2090','5f6c6a5d5d249e177b8a2906934af2fa007211d6','2001-08-19',31,'male','driver',true,'1970-06-24 00:24:03','1997-07-18 01:01:51'),
  ('55c5e1a1-4e96-331d-9778-32256eba9a66','Molly','Hahn','ggorczany@example.net','1-729-829-0968x911','da893161b9c34467e2c6d513d1bcf257405e8a31','1978-11-02',33,'female','driver',true, '2004-07-30 21:59:42','1982-06-20 06:41:51'),
  ('e2824c89-2af2-3c90-84d1-359ace253942','Josianne','Grady','gayle.jakubowski@example.com','+33(9)4880069495','84d8b4dbcaba5d72b40ed97a394983d16a6e46db','2011-09-13',42,'female','admin',false, '1998-04-15 03:36:35','1977-12-24 14:51:53'),
  ('7b40a3ff-5af7-35d8-8f11-3859de6cfdbc','Josiane','Swift','lera.koelpin@example.org','258.901.6165','69cd583f13f6f52bce694716bf30bd85f600bbe2','2007-01-19',25,'female','driver',true, '2014-07-11 21:39:06','1983-03-07 07:03:51'),
  ('565247b0-bb1f-30de-a722-3871f13b895d','Jo','Parisian','ckessler@example.com','874.604.5445x9713','ddb2bf06f4b34b0ace5f604b7688961993a4c940','1973-07-06',82,'male','admin',false, '1981-08-29 07:42:40','2008-12-07 21:26:24'),
  ('c693cbd6-b5fe-3a66-90d4-3a2366ee26b8','Floy','Barton','virgil92@example.com','00012280840','0fd0c404c2af486b22389dbe591895bbbb53a721','1984-11-19',67,'female','government',false, '2022-02-09 18:13:51','2021-01-04 04:25:54'),
  ('45752b91-3f5b-3baa-8641-3becd74219eb','Buford','Bode','roy.lubowitz@example.net','822-578-4074','593d9ac815c285e0fbdb7a7bc43b79ad11d98dc4','2012-01-01',64,'female','user',false, '1970-07-01 15:47:20','1981-09-18 19:33:54'),
  ('5e951bfa-bffa-3100-890b-3c8a1c77fa2b','Kiana','Simonis','denesik.kendall@example.com','639.247.7131x1269','e2077762cbab857d138ddbdace2f5eac3e1fea0f','1991-06-25',37,'female','business_owner',true,'1990-09-17 14:03:30','2020-12-04 21:33:59'),
  ('7bb764d6-c810-379e-82f5-3d51e9741fde','Samanta','Murray','pkuphal@example.com','07205763381','f4fdf8fa6972f7646c5459c47f2e0a83ca797eb3','1996-10-25',14,'male','driver',false, '2023-11-15 22:24:17','2014-12-21 21:09:00'),
  ('cd202273-3c35-309d-bcbb-3ddff85f7b60','Cale','Collier','gregorio.metz@example.org','1-821-673-0290','308eea727d1957df4a7587f9aaa0e0b3b93611d5','2011-11-06',30,'female','driver',true,'1974-07-23 03:24:46','2023-06-22 17:29:19'),
  ('6181aada-fe17-342a-a1c6-4b7e50d1c0f4','Jaylan','Stokes','ramiro51@example.org','094-159-3064','71b69f4c9032e5cb96f26dd29a49b8bc7a7c16ae','2021-07-11',49,'male','driver',false, '2013-04-04 22:45:38','2015-06-12 22:34:01'),
  ('62728513-bd24-3224-97ce-4d1f069bb18c','Kenya','Wintheiser','arlie.bartell@example.org','651-530-0136x307','ee664c36e435cf5197df582f828efa90debfd6d7','2019-09-19',23,'female','user',false, '1977-09-01 15:15:58','2009-08-29 21:02:49'),
  ('bc06ba05-d435-3b08-8303-5107de71b82a','Thora','Kutch','kristin37@example.com','092.135.9180','aeafd5ded8273f1cadfa0ae3ee9c8cfaf8dd012f','1971-11-12',35,'female','government',false, '2001-08-22 06:12:35','1994-03-28 08:35:01'),
  ('4dea3b43-143a-3f74-979b-54f6b9bddce2','Hilton','West','alvina.gottlieb@example.org','748.195.4444x44651','14cde5291094bb5c053f2ca2f385591f2c1d7fe7','2000-09-20',37,'male','driver',true, '2007-11-07 09:49:12','2013-01-14 04:33:41'),
  ('e3c09043-e046-364a-a091-5551d25670b1','Jairo','Will','udonnelly@example.org','(391)747-9382','12feb498baa47770e44861e43273eadbbeca9947','1979-03-03',42,'female','user',true, '2002-03-14 07:55:47','2006-10-09 03:28:32'),
  ('b065da27-3a94-3e2d-ae1d-5d0708dfe6f7','Nicholas','Rath','kiarra.lowe@example.com','220.221.7103x91455','2021719327559ece2d669ae70d5af3bb90a47d6d','1991-12-15',80,'female','admin',true, '2022-03-25 20:44:22','1987-01-06 11:34:32'),
  ('89dfbfd1-529b-37cf-bf70-65ba95dcc872','Velva','Leuschke','rachel68@example.com','(390)162-9986x01193','0ae3f8a8f43ea104af036bdffc49e22be0d31503','2021-04-27',81,'male','admin',true, '2007-04-30 09:47:49','2012-08-11 12:15:30'),
  ('187a7ed5-ad2a-36c7-a432-65cc7a1a6fbc','Kavon','Rippin','christ.doyle@example.org','+07(5)0551748409','42c61980939c7f9e0eb4f44959a64239c592388d','1992-11-18',84,'male','driver',true, '2023-06-11 06:49:34','1974-02-18 10:10:06'),
  ('622cd357-fdcc-3990-986b-6e8f0be920b9','Lorna','Luettgen','littel.isabella@example.net','(694)088-8366','628bfa2f9d8864e3fec3ed87cb5a83c51a546a5e','1992-02-24',34,'male','government',false, '2020-11-30 02:56:02','1978-07-10 04:22:22'),
  ('3c91992f-850f-353f-91f5-70ed881974bd','Althea','Franecki','jayson24@example.org','1-361-106-0281x147','0c383127dfb2320c0ba8c6c821952e5dbe43487f','2014-04-06',77,'male','admin',false, '1986-06-21 10:33:38','1990-03-30 05:15:07'),
  ('9364f807-010b-35dd-8b7f-733ad773d124','Earnestine','Bode','filomena.becker@example.net','496-936-1865x9587','8d22be0502c2d89369a9ec69e1e96f2f275f0e29','2020-02-09',86,'male','driver',true, '2015-10-01 19:04:55','1989-09-23 01:59:23'),
  ('74ff0bbc-3984-339b-adbb-7aeda9680be5','Hubert','Kuhn','schowalter.lyric@example.org','(834)378-9585x427','5c938b4c2347a2a413e1d100e9b1dab97d10a6b6','2002-07-05',50,'female','admin',false, '2010-07-27 16:59:51','1971-11-02 02:41:18'),
  ('7488c9af-908b-3445-a317-7bada2178329','Anissa','Kessler','everette25@example.net','163-883-4727x215','bfb9e27153de58cc7ddfe5c02c3ea22c5134cd23','1992-10-18',87,'female','government',false, '1999-06-09 15:38:31','1996-06-06 21:05:56'),
  ('bbc19b4a-ba65-36db-99ba-7c11184394fd','Clotilde','Block','schinner.lexie@example.org','095-990-2751x46022','31797c1970a980a856a76427bac7e5021a5b44ae','2012-04-10',15,'female','government',true, '2003-10-25 18:46:37','1971-02-13 05:14:56'),
  ('f853da4e-de56-3e58-bffb-823bda80451a','Alphonso','VonRueden','iskiles@example.net','(212)382-2320x7235','eb4ee0b3a2acb05fc05f0c7bd1bee77692ef4d86','1983-06-02',72,'female','user',true,'1977-12-17 11:48:59','2023-03-10 09:57:42'),
  ('5afae9c1-822d-3475-b2f1-84676d501848','Orlando','Price','branson47@example.com','301.525.4706x042','e33719549a33443cf6239284ecc06c28a7a515ad','1977-02-28',68,'male','user',true, '2000-04-29 21:39:09','2024-02-10 08:50:36'),
  ('2a31eedf-2159-3fbb-bf2a-862a597f99cb','Ralph','Kerluke','pheidenreich@example.org','953-350-3109x767','728b28788461d2d92b980b7c5df48c657580e25e','1993-12-16',84,'female','driver',true, '2010-10-06 06:43:20','1983-11-27 15:57:19'),
  ('459e8340-0198-30b9-b442-87cf2526cdc1','Noble','Hackett','janet76@example.org','270.210.8318','1e9c78cc87aeee457dcb48724f5962a388798609','1998-11-04',38,'male','user',false, '2013-02-08 11:26:21','2000-03-15 23:26:06'),
  ('95d2d067-7bb1-35ab-a47e-88c010c73b02','Nia','Graham','ksipes@example.com','1-910-119-0965','58349e2a1f1a50df73fa15850e07746d5e1dbb9c','2010-04-11',48,'female','admin',false, '1975-06-29 08:50:53','1994-12-21 06:59:05'),
  ('ce758123-ee1d-3325-8462-89228c5340f4','Chadrick','Block','devonte24@example.com','+79(6)9876000563','678acc20f07fd7bf12be223650269f6acd746b0a','1990-12-25',10,'female','user',true,'1997-03-26 14:00:18','1976-04-24 16:37:05'),
  ('49b693d5-ba7f-3758-9281-8b06d6dba958','Orlando','Deckow','dpacocha@example.com','(676)977-8073','e91ad01d8cc5d581eb4cc0acc7e89f013e11fb5b','1983-03-16',52,'male','driver',false, '1973-10-20 06:57:48','2021-04-17 17:57:06'),
  ('ffdd5bbb-6822-3ece-af6a-8d65ac1f2fa3','Keegan','Kerluke','madaline37@example.com','358-643-2319x850','200230732e882320117331b004b6415ac5b05ff9','1988-07-16',86,'female','user',true,'1973-07-21 10:10:25','2022-08-14 17:02:52'),
  ('2f739c3e-a244-38b7-a102-8e117ce0b418','Mariane','Ferry','giovanna.goyette@example.com','548.937.7316x2147','c8748c6edfd94932c52905f2090cff625852c825','2003-01-15',75,'female','driver',true, '2021-08-28 05:04:53','2005-11-17 17:37:06'),
  ('46665738-02fc-3fbc-aa5d-8f53c8d92331','Edgar','Kling','bradly66@example.com','(376)306-0449x67548','d489f35f2510770b2310967649190dd0e7822a8d','2000-09-10',63,'female','admin',true, '2016-02-17 22:23:32','1998-09-12 21:21:15'),
  ('f77b2954-2d4d-3b3c-ac58-90fc3a593f1e','Ethel','Labadie','erwin.hyatt@example.com','(986)782-8560x5016','d8155b84b4ff3b17ce66e5cf587ce7f09ec2ee80','2012-07-16',41,'female','admin',false, '1972-10-01 23:17:48','2015-11-13 12:52:24'),
  ('68ae6b76-d56d-34d8-bfcd-924582f2ca7c','Abbie','Green','kip33@example.net','04838577559','6eb877cf2a6ebc54a12f2d7f903f0cfeb941dba2','2002-01-17',32,'female','business_owner',false, '1995-01-20 05:09:11','1982-10-04 01:27:01'),
  ('ee5297bd-db89-3dfe-9fd2-9366619a70fc','Frances','Nicolas','gabriella.kuhn@example.com','01927990721','27db028200113543302583a2af21393039184f49','2009-02-08',62,'female','user',false, '2001-07-16 05:42:49','2014-08-07 19:05:51'),
  ('6dab757d-b16b-3f33-ab7c-95a6b80218e7','Ada','Gaylord','okshlerin@example.com','052-491-6604','eb74946938946e9d1fba5e2811a3d8aca79bf563','1970-11-26',34,'male','business_owner',true,'1993-07-11 21:24:30','1997-05-21 18:59:11'),
  ('03bc129a-8918-306c-9c1e-99f9655b67ed','Cyrus','Leffler','ceasar.quitzon@example.org','777-634-5407x6985','e0250754af207cfa59e9ac6bdf3d251aa5526521','1987-12-11',21,'male','business_owner',false, '1989-01-13 15:44:23','2018-09-11 16:11:58'),
  ('677328bb-698e-3845-b773-9a235720f9a6','Zander','Considine','maggio.heber@example.org','1-101-508-4944x71744','aa1492f43f1308bfb486b3ad972ee95a528c5f48','2009-12-18',35,'male','government',false, '1984-10-26 14:48:16','2012-02-08 23:25:14'),
  ('25581eaf-5a05-3656-9ff8-9aa2c177ae22','Darius','McLaughlin','enoch42@example.org','04262121916','e9ab3278d02ea859f40a40b2bf5a0aa784bb5d97','2018-11-05',44,'female','business_owner',true, '2009-12-18 04:34:55','2012-04-24 16:43:11'),
  ('8b79d2e5-ad56-32be-b75f-9c1cfdb6ff21','Lolita','Hyatt','xsporer@example.com','827-418-5173','321b7cb559e59accb65a45ceee873531748cbe35','1976-05-19',10,'male','user',false, '2006-08-02 20:33:09','1990-03-10 06:12:41'),
  ('6b53bd41-c57a-3032-9334-9ffe4af25b19','Favian','Mraz','bweimann@example.com','126-686-0343','60ece487247206a46c31e6e3f8afc119482d8666','1980-02-01',62,'male','business_owner',true,'1990-10-22 07:08:08','2012-01-09 16:06:22'),
  ('ed2e3844-c6f5-3654-be8a-aa3a654033d1','Santa','Mills','donnie.flatley@example.net','1-233-968-1781x8201','45c076dbcde93cfc675f60aa66b1ac49bc21375f','2010-08-29',24,'male','business_owner',true,'1975-12-18 23:37:42','1986-06-08 04:18:57'),
  ('ba2acf6e-289b-33d7-8729-ab6d7acdd4f4','Reece','Bartoletti','labadie.hardy@example.net','(692)224-3907','d5fe20f150174bf54ae58723d2d015f225fd67c3','2014-04-14',86,'female','user',false, '2002-09-30 11:02:08','2013-08-05 18:22:02'),
  ('3a321949-a0b3-343c-ae2a-b44a9c02636f','Elouise','Mohr','xfeil@example.net','+75(4)3424143087','f39c2a9d2f076ef229f3431546ace574900f7ee1','2005-10-29',74,'female','user',true,'1984-12-09 05:20:16','1978-08-24 00:42:23'),
  ('cc7e0342-bfc3-3589-af8f-b4bd49e706f4','Judd','Nikolaus','yolanda.thiel@example.net','982.892.2784x4997','7b00283c1892c6b46b67dbbd5a766ed4d28b4731','1990-09-27',85,'male','user',true, '2003-11-22 23:26:59','1971-09-25 17:41:12'),
  ('aeada069-b3e3-37cb-b73c-b6850a565a35','Arch','Bradtke','nrice@example.com','1-042-886-4028x68943','4c9873229e95dad5c66c248037714fadaed3e554','1973-12-12',18,'female','driver',true, '2023-05-09 22:33:13','2000-05-21 09:53:03'),
  ('926d0b96-8425-383e-9822-b800204f0795','Lowell','Hagenes','rohan.ursula@example.org','(716)929-0197x1368','d4596b90d22411574b9d83dc752b88d8ec5250e9','1972-12-24',33,'male','admin',false, '1975-08-14 23:51:10','2009-09-07 16:17:32'),
  ('2425cbfa-9c36-3e3c-ae0f-bdd0416ffdfb','Erwin','Ward','kpadberg@example.org','1-041-257-3244x670','b69254d4d5168891b22c64ef4794f70573289aae','2006-03-03',72,'male','business_owner',true,'1989-06-28 23:26:14','1977-03-06 16:41:02'),
  ('a843dfb7-bd2c-393c-bd21-bfd7bb7cae55','Abbigail','Heathcote','sgrant@example.org','720-037-7028x2508','89874033c3eedaeb17ecc64c2d533ee289bce6d4','2000-09-17',13,'female','business_owner',true,'1995-10-11 12:06:04','1970-06-23 13:53:50'),
  ('683af37a-fcf9-3020-a16f-c09e8a175499','Kira','Homenick','rempel.nathan@example.org','903.082.4695x6611','0124ee6753574502d887078ba21d73c33f437fbf','1973-06-22',37,'male','admin',true, '2021-11-09 02:21:19','1991-03-13 18:03:16'),
  ('5e059f7d-4715-3404-a9b6-c132fbf47f18','Felicita','Brekke','koepp.assunta@example.com','1-382-380-7622x5108','39a74d0e9f8476972eb6e884d7affb0d653e3c10','1975-11-01',25,'female','business_owner',true,'1998-09-01 14:30:35','1992-07-15 08:15:42'),
  ('4f176fd4-3921-37c8-87f5-c28b46a81e69','Columbus','Schroeder','wolff.myrl@example.org','883-929-8414','f1b8a952018f5cc8e5cdabdd26504d415fd62297','2021-07-01',88,'male','business_owner',false, '1985-07-28 21:28:10','2016-08-28 10:20:08'),
  ('0a8dfbd9-bacd-3b0d-84a7-c62d21a39791','Deontae','Kohler','mustafa.larson@example.org','+18(0)9493471923','3b8a2ee8e94c153cb925c90ed2ea8392ee2a931c','1993-11-18',58,'female','admin',false, '2011-06-28 21:38:51','1994-09-10 06:10:57'),
  ('12bfd212-65dc-3b8f-aad5-c6b3de48e1e6','Alaina','Tremblay','ryan19@example.org','540-362-5897','b6a0bf8de6a5d61f3790d26515851a4c34b5a38b','1977-10-07',47,'male','user',true,'1979-02-08 06:16:28','2016-04-17 04:42:21'),
  ('70a75621-be57-37e7-9e3c-c8cedc57b60b','Friedrich','Bergstrom','yschumm@example.org','680.173.6064','05f9fb6184ca41336161cef1da421978e5f6d8eb','2000-08-13',55,'male','business_owner',false, '2017-06-23 21:02:24','2014-12-03 06:55:32'),
  ('2ce85308-73f6-3b0e-915c-cb45dbaf9d06','Delilah','Gibson','uwehner@example.net','576-736-7389','3913a387c7793b77b0037628ac12d7fa0df8e367','2023-09-17',25,'male','driver',false, '1982-06-08 19:57:32','2014-03-04 08:03:43'),
  ('783feb2b-1520-3ec6-9c22-cdcad1f49c18','Baby','Torphy','koss.nickolas@example.org','1-562-079-9764','4483ecce675c57120b675328f1ea80a0fa3f4d89','1970-10-24',23,'female','admin',false, '1994-04-03 02:35:29','1981-10-04 01:25:07'),
  ('277a7bea-dfbe-34eb-9271-d18f60fc9850','Roma','Leannon','derek33@example.org','1-449-939-6176x498','88099ea4ee6d164412e067b81a6a46c15b77324e','2014-09-11',48,'male','admin',false, '1975-05-23 09:38:28','2010-07-13 07:28:07'),
  ('1ddaf78b-56dc-3fc0-8bcd-d60390feeead','Gay','Parker','katharina85@example.net','1-103-808-1367x1092','82b9b72377aef1ccc767138e4a955196558e93ae','1975-05-25',14,'female','government',true,'1991-04-20 07:57:35','2002-03-29 18:03:58'),
  ('2e687c35-4267-3d0b-8e3c-d9fadc11a702','Laurine','Carter','qking@example.com','(753)741-6383','19c4e662c74819cc0979d8f1725d7e5914bf3ed6','1991-10-21',23,'male','driver',false, '1978-03-11 13:15:16','1996-11-17 00:43:15'),
  ('b009e2e3-9650-3284-b81b-da2011a1e75f','Ryder','Monahan','kian29@example.com','(022)704-6902','d831ad70787c7bfb7df6744925d33231d704f28a','2015-02-16',10,'female','business_owner',false, '1981-02-26 16:49:57','1998-09-13 01:03:40'),
  ('969d3496-4414-32f8-92ad-dbb16d9c2bdf','Alexandra','Kassulke','hilma.kiehn@example.com','435-615-2682','6065d9e64c4f73e4aa4e5114e35679177b45b9a9','2004-05-12',32,'female','driver',false, '1981-03-25 05:05:47','1989-01-09 20:25:31'),
  ('f2df0c91-a2e5-3ae1-b5c6-dbb9e27fee8b','Tanner','Bogan','hharber@example.org','1-102-494-2324','ade4d9be69262d2e933571db57909ab5b673b20a','1988-05-24',17,'male','user',true, '2006-05-04 01:07:53','1992-02-06 17:19:03'),
  ('f68cbef2-354a-3278-b098-df581c136f33','Belle','Howell','lorenza.hessel@example.com','(688)500-4498','9c90499b9a699b5ac010da21c32b51a53abb9cdb','2000-01-08',21,'female','user',false, '1979-01-08 17:29:18','1997-09-03 03:41:44'),
  ('09c5e1ec-1123-36a2-b7e9-e07c41214a33','Liliana','Gerhold','friedrich34@example.net','398.564.5203x38374','848dc0fc4e86e1ec0d6754802f1b5a266027d915','1977-03-03',60,'male','user',true,'1994-02-21 05:54:56','2004-12-24 16:49:03'),
  ('db023705-1eea-3f49-b4ca-e1b4c6e488d1','Leanna','Torphy','nicolas.lavina@example.com','1-470-832-1140','6923c23cd2558833bfce2c9ffaf9f9bb356dbcd6','1979-05-03',42,'female','government',false, '1971-12-29 06:04:58','2015-01-24 04:09:35'),
  ('d7edecad-dd7e-3080-a158-e1d79ea709d0','Kiera','Jakubowski','junius72@example.org','1-542-556-1867','602a98911a0c3cd6b8761d5a72e1dffad0cc5e49','1972-02-29',46,'male','admin',false, '1998-03-10 18:29:27','1988-01-15 07:40:14'),
  ('7fa895df-25d2-3f8b-8e79-e33e71398723','Treva','OReilly','nikolaus.larissa@example.net','776-090-9180x0557','54d5589acec856d6075560da69c6878681e00bcb','1994-07-01',87,'male','driver',true, '2001-09-23 18:41:14','1978-10-19 01:26:34'),
  ('04749d76-1a0b-3c6c-983d-e3c5ce7ff518','Kenneth','Nader','albert.walker@example.com','491-164-7286x44229','a19cb78d139aff09808ca4f12fe2cf679a85a801','1971-02-03',89,'female','driver',true,'1973-11-20 19:47:09','2023-12-11 20:47:42'),
  ('8ea6b589-5e85-3f1e-af72-eb193d693e79','Ellie','Roob','qweber@example.org','856.570.3294x89100','7a6a0e8112aab4ac80b60ebd135812e721d5c813','2017-12-11',43,'male','driver',true,'1985-04-23 22:15:14','2017-04-07 10:24:07'),
  ('daf60399-c24a-319d-bf5f-eb32599a6945','Fae','Ferry','kamron.mitchell@example.net','03388780624','bdc4b741c63537b3aae4bb3c6f726c425e7bd108','2009-12-21',89,'female','user',false, '1977-10-12 17:40:17','2008-06-25 23:39:11'),
  ('6665cbf8-cd95-350f-bc44-ebebcdf2007f','Antonette','Gerlach','lschmitt@example.net','05014430424','8f4e3c88023967983fca36dfde8e9e63243a92bc','2005-06-28',88,'female','government',false, '2000-06-23 15:06:06','1970-05-04 23:18:57'),
  ('0c4b338a-26df-35a0-82fe-ed8f74be49fc','Deshaun','Miller','wdoyle@example.org','1-392-989-3589','e46564bb22ff0acfdb5f19c935e0285eca9a09da','1978-07-21',56,'female','government',true, '2006-04-08 23:47:43','1986-07-12 08:47:28'),
  ('fcfec37e-5318-310a-9951-eddd8b528471','Berta','Bernhard','celestino.huels@example.com','(509)415-7100x237','d752c6ed8d7ff70c244ea14ffe4c870dc63aa08e','2006-10-13',49,'male','driver',false, '1997-09-09 10:00:50','2005-03-24 15:31:15'),
  ('1d313f70-5837-31e5-a9ed-f449fbf4f703','Karl','Armstrong','vhowell@example.net','(736)195-4768','e158e582f78ae32cd7e13dfd64b3bd422561f539','1990-12-19',63,'male','user',false, '2024-06-04 13:55:29','2000-05-03 16:53:47'),
  ('1cd4764f-1bf3-3fd8-b388-f63fe1a25709','Kellie','Steuber','fstreich@example.net','1-973-511-9508x476','743aff07565e2871239cd9db1595beaef536f540','1974-04-21',10,'male','government',false, '1996-12-09 02:40:34','1989-07-03 15:05:30'),
  ('98450359-7306-3a74-a4d1-f7e599a62dbf','Aliya','Gulgowski','ima62@example.net','592-501-2666','95fd1d4118b7739f726b85d2414f5066361e37d4','1975-09-08',60,'female','user',false, '2003-03-24 16:16:20','1983-05-04 19:33:01'),
  ('9e072caa-8a69-33b6-bf70-fef255f9e734','Cierra','Abbott','tito78@example.com','(135)553-4521','be904fb16fc6fa9f81e5ac27b159c3fc0c52cefb','1988-11-16',88,'female','user',false, '1982-07-13 01:58:39','1989-07-02 08:16:04');

insert into businessowners (id, NIK, verified) values ('44cf7361-31b3-3db4-acbb-062fa2433c6a', '21-726-0017', true);
insert into businessowners (id, NIK, verified) values ('4fa740e8-6551-391c-a719-0823eb8d8084', '41-545-4347', false);
insert into businessowners (id, NIK, verified) values ('2722047c-468d-3166-aa03-10632cbfadc5', '79-423-0516', false);
insert into businessowners (id, NIK, verified) values ('d339176a-dd0e-3229-b9f7-17f22a2f02eb', '56-389-7995', true);
insert into businessowners (id, NIK, verified) values ('3a20bf0d-58c0-30f4-a8e5-36f9d0829954', '76-442-0750', true);
insert into businessowners (id, NIK, verified) values ('8ece6a50-0f4d-30bb-a16c-37e9f23f1ddc', '96-767-8085', false);
insert into businessowners (id, NIK, verified) values ('ae45642a-2d7c-3acf-8366-382d727afa56', '21-805-2592', true);
insert into businessowners (id, NIK, verified) values ('a7b97c9b-ca52-3061-9d31-412a5310885d', '86-147-1046', true);
insert into businessowners (id, NIK, verified) values ('0676454b-6159-3d6c-8f38-424714347fd5', '89-096-9429', true);
insert into businessowners (id, NIK, verified) values ('a07fd0e7-4714-3836-9a7a-7532917ad402', '37-735-7465', true);
insert into businessowners (id, NIK, verified) values ('aef42f55-e41e-36fb-9a58-79797d4e6c93', '05-130-0754', false);
insert into businessowners (id, NIK, verified) values ('d860f148-a057-3cee-9c0d-7c798643d058', '13-992-3824', false);
insert into businessowners (id, NIK, verified) values ('d021f141-7771-3471-9271-7e27682fcdef', '79-141-3081', false);
insert into businessowners (id, NIK, verified) values ('20f398ff-6dca-31e2-9dd0-8e13fbdea4ee', '88-257-8236', false);
insert into businessowners (id, NIK, verified) values ('95dd31fc-f67b-3c38-912c-90a32a3cbb87', '53-478-9977', true);
insert into businessowners (id, NIK, verified) values ('04ab511a-7bca-33e5-9576-95d80dd42701', '83-135-9652', true);
insert into businessowners (id, NIK, verified) values ('0c00630e-773b-34b0-88af-b022ca137ab1', '07-646-6921', false);
insert into businessowners (id, NIK, verified) values ('2e067a8e-7e13-34ab-a15c-c8890c1ae822', '32-604-1955', true);
insert into businessowners (id, NIK, verified) values ('d2e40c31-da66-3edc-bd82-d5710589b695', '83-977-4898', false);
insert into businessowners (id, NIK, verified) values ('30e3a04c-0c37-31d1-93e5-d8cfa34d4a02', '11-635-7973', false);
insert into businessowners (id, NIK, verified) values ('680c8a9f-76a8-300a-9b36-0f0e1dadd613', '57-356-1056', true);
insert into businessowners (id, NIK, verified) values ('2320d175-bd96-383f-9b25-162ba38cd207', '44-030-6030', false);
insert into businessowners (id, NIK, verified) values ('2ecef76f-8b48-3955-959f-21ddfa72b710', '76-017-6050', false);
insert into businessowners (id, NIK, verified) values ('ddccdb54-b818-3e9a-83b2-238b65d1db40', '09-944-7827', true);
insert into businessowners (id, NIK, verified) values ('1b2703b8-c813-3b44-8a10-2a52f253b15d', '40-882-1034', false);
insert into businessowners (id, NIK, verified) values ('51521841-06a2-32cb-8cd0-317d4f2a9af5', '42-140-9336', false);
insert into businessowners (id, NIK, verified) values ('5e951bfa-bffa-3100-890b-3c8a1c77fa2b', '01-420-9018', false);
insert into businessowners (id, NIK, verified) values ('68ae6b76-d56d-34d8-bfcd-924582f2ca7c', '98-389-2869', false);
insert into businessowners (id, NIK, verified) values ('6dab757d-b16b-3f33-ab7c-95a6b80218e7', '55-903-0281', true);
insert into businessowners (id, NIK, verified) values ('03bc129a-8918-306c-9c1e-99f9655b67ed', '20-465-6801', true);
insert into businessowners (id, NIK, verified) values ('25581eaf-5a05-3656-9ff8-9aa2c177ae22', '80-045-8340', true);
insert into businessowners (id, NIK, verified) values ('6b53bd41-c57a-3032-9334-9ffe4af25b19', '63-701-2708', false);
insert into businessowners (id, NIK, verified) values ('ed2e3844-c6f5-3654-be8a-aa3a654033d1', '57-639-5809', true);
insert into businessowners (id, NIK, verified) values ('2425cbfa-9c36-3e3c-ae0f-bdd0416ffdfb', '82-125-5727', false);
insert into businessowners (id, NIK, verified) values ('a843dfb7-bd2c-393c-bd21-bfd7bb7cae55', '13-030-3390', false);
insert into businessowners (id, NIK, verified) values ('5e059f7d-4715-3404-a9b6-c132fbf47f18', '49-209-6044', true);
insert into businessowners (id, NIK, verified) values ('4f176fd4-3921-37c8-87f5-c28b46a81e69', '36-212-8278', true);
insert into businessowners (id, NIK, verified) values ('70a75621-be57-37e7-9e3c-c8cedc57b60b', '00-351-5128', true);
insert into businessowners (id, NIK, verified) values ('b009e2e3-9650-3284-b81b-da2011a1e75f', '54-831-6538', true);

insert into drivers (id, owner_id, registration_number, status) values ('618d9c35-21ae-34c2-8db1-3b1040516ea3', 'ddccdb54-b818-3e9a-83b2-238b65d1db40', '56-798-9625', 'on');
insert into drivers (id, owner_id, registration_number, status) values ('8c8c6b0b-b23d-34f7-affc-40416f936b89', '0c00630e-773b-34b0-88af-b022ca137ab1', '30-978-9946', 'off');
insert into drivers (id, owner_id, registration_number, status) values ('dfcfc580-79c6-39c7-b71f-4f589e7f1800', '2425cbfa-9c36-3e3c-ae0f-bdd0416ffdfb', '23-777-5227', 'on');
insert into drivers (id, owner_id, registration_number, status) values ('01567e7a-7708-30a0-9111-56bf49e116ba', 'a843dfb7-bd2c-393c-bd21-bfd7bb7cae55', '04-964-8610', 'off');
insert into drivers (id, owner_id, registration_number, status) values ('5b54f944-713b-3e60-9eaf-71db3f601225', '6dab757d-b16b-3f33-ab7c-95a6b80218e7', '83-090-3905', 'off');
insert into drivers (id, owner_id, registration_number, status) values ('3ebe1f95-1a8b-3a0e-9439-7ef695b6d9f7', 'aef42f55-e41e-36fb-9a58-79797d4e6c93', '08-324-2609', 'on');
insert into drivers (id, owner_id, registration_number, status) values ('c7c34b50-81b3-35e3-8974-8cca3dee86f6', '8ece6a50-0f4d-30bb-a16c-37e9f23f1ddc', '42-785-1676', 'on');
insert into drivers (id, owner_id, registration_number, status) values ('6547a234-d6a0-3858-b5dd-9ba869f95824', '1b2703b8-c813-3b44-8a10-2a52f253b15d', '41-990-2458', 'on');
insert into drivers (id, owner_id, registration_number, status) values ('4d2dc3af-5eeb-32cd-bfdf-9bac6bf2c81a', '30e3a04c-0c37-31d1-93e5-d8cfa34d4a02', '76-673-6536', 'on');
insert into drivers (id, owner_id, registration_number, status) values ('0118ca3f-ecf1-3f21-901d-9fcdfe96c6bb', '2320d175-bd96-383f-9b25-162ba38cd207', '87-676-0532', 'off');
insert into drivers (id, owner_id, registration_number, status) values ('0718ffba-cb7c-3789-832a-a40fa83f2365', '5e059f7d-4715-3404-a9b6-c132fbf47f18', '55-379-5090', 'off');
insert into drivers (id, owner_id, registration_number, status) values ('e9836d4e-48c4-3658-9a5a-a5ade1b311d7', '1b2703b8-c813-3b44-8a10-2a52f253b15d', '21-511-0405', 'off');
insert into drivers (id, owner_id, registration_number, status) values ('119c6e95-42aa-3a04-a2d8-aa84273c9411', 'ddccdb54-b818-3e9a-83b2-238b65d1db40', '68-685-0264', 'on');
insert into drivers (id, owner_id, registration_number, status) values ('42fa7d22-db7e-31e4-b332-bb21639f278a', 'a7b97c9b-ca52-3061-9d31-412a5310885d', '55-500-2593', 'off');
insert into drivers (id, owner_id, registration_number, status) values ('47b2b605-4b23-3cc5-88d5-be2d9a3c1357', '4fa740e8-6551-391c-a719-0823eb8d8084', '63-664-3618', 'off');
insert into drivers (id, owner_id, registration_number, status) values ('8fb5806f-b06d-3bbf-8a4b-c87835cbb912', 'd860f148-a057-3cee-9c0d-7c798643d058', '90-080-7693', 'off');
insert into drivers (id, owner_id, registration_number, status) values ('edee1fef-6d42-392c-b536-dbabb7e1772c', 'a7b97c9b-ca52-3061-9d31-412a5310885d', '72-168-2702', 'off');
insert into drivers (id, owner_id, registration_number, status) values ('7a02bd1c-38a4-3b22-8463-e7201fd24de3', '70a75621-be57-37e7-9e3c-c8cedc57b60b', '42-489-0072', 'on');
insert into drivers (id, owner_id, registration_number, status) values ('98310b88-99ee-3833-8cd7-f4c18f051b7b', '5e059f7d-4715-3404-a9b6-c132fbf47f18', '39-268-1939', 'off');
insert into drivers (id, owner_id, registration_number, status) values ('25a157a5-a0c9-39be-b633-ff690e3cdd3c', '68ae6b76-d56d-34d8-bfcd-924582f2ca7c', '56-477-5889', 'on');
insert into drivers (id, owner_id, registration_number, status) values ('61780df9-8bf5-35ed-a6c8-2f2d01fde08d', 'ddccdb54-b818-3e9a-83b2-238b65d1db40', '67-411-9777', 'off');
insert into drivers (id, owner_id, registration_number, status) values ('5d77f5b0-3fa3-3ea5-9556-318c3f90f1e1', '68ae6b76-d56d-34d8-bfcd-924582f2ca7c', '31-368-2483', 'on');
insert into drivers (id, owner_id, registration_number, status) values ('55c5e1a1-4e96-331d-9778-32256eba9a66', 'd2e40c31-da66-3edc-bd82-d5710589b695', '73-507-8024', 'off');
insert into drivers (id, owner_id, registration_number, status) values ('7b40a3ff-5af7-35d8-8f11-3859de6cfdbc', '25581eaf-5a05-3656-9ff8-9aa2c177ae22', '38-923-3384', 'on');
insert into drivers (id, owner_id, registration_number, status) values ('7bb764d6-c810-379e-82f5-3d51e9741fde', '4fa740e8-6551-391c-a719-0823eb8d8084', '78-173-3147', 'on');
insert into drivers (id, owner_id, registration_number, status) values ('cd202273-3c35-309d-bcbb-3ddff85f7b60', '5e951bfa-bffa-3100-890b-3c8a1c77fa2b', '41-350-0813', 'on');
insert into drivers (id, owner_id, registration_number, status) values ('6181aada-fe17-342a-a1c6-4b7e50d1c0f4', '0c00630e-773b-34b0-88af-b022ca137ab1', '77-914-8561', 'off');
insert into drivers (id, owner_id, registration_number, status) values ('4dea3b43-143a-3f74-979b-54f6b9bddce2', '2ecef76f-8b48-3955-959f-21ddfa72b710', '04-386-6647', 'off');
insert into drivers (id, owner_id, registration_number, status) values ('187a7ed5-ad2a-36c7-a432-65cc7a1a6fbc', '51521841-06a2-32cb-8cd0-317d4f2a9af5', '46-440-1092', 'off');
insert into drivers (id, owner_id, registration_number, status) values ('9364f807-010b-35dd-8b7f-733ad773d124', '3a20bf0d-58c0-30f4-a8e5-36f9d0829954', '15-625-7456', 'on');
insert into drivers (id, owner_id, registration_number, status) values ('2a31eedf-2159-3fbb-bf2a-862a597f99cb', '5e951bfa-bffa-3100-890b-3c8a1c77fa2b', '54-594-4922', 'on');
insert into drivers (id, owner_id, registration_number, status) values ('49b693d5-ba7f-3758-9281-8b06d6dba958', '20f398ff-6dca-31e2-9dd0-8e13fbdea4ee', '06-224-0723', 'off');
insert into drivers (id, owner_id, registration_number, status) values ('2f739c3e-a244-38b7-a102-8e117ce0b418', '6dab757d-b16b-3f33-ab7c-95a6b80218e7', '00-068-7061', 'on');
insert into drivers (id, owner_id, registration_number, status) values ('aeada069-b3e3-37cb-b73c-b6850a565a35', 'd021f141-7771-3471-9271-7e27682fcdef', '98-882-8508', 'off');
insert into drivers (id, owner_id, registration_number, status) values ('2ce85308-73f6-3b0e-915c-cb45dbaf9d06', '1b2703b8-c813-3b44-8a10-2a52f253b15d', '30-413-8738', 'off');
insert into drivers (id, owner_id, registration_number, status) values ('2e687c35-4267-3d0b-8e3c-d9fadc11a702', 'd860f148-a057-3cee-9c0d-7c798643d058', '43-331-1236', 'off');
insert into drivers (id, owner_id, registration_number, status) values ('969d3496-4414-32f8-92ad-dbb16d9c2bdf', '20f398ff-6dca-31e2-9dd0-8e13fbdea4ee', '55-615-1540', 'on');
insert into drivers (id, owner_id, registration_number, status) values ('7fa895df-25d2-3f8b-8e79-e33e71398723', 'd860f148-a057-3cee-9c0d-7c798643d058', '09-809-0744', 'off');
insert into drivers (id, owner_id, registration_number, status) values ('04749d76-1a0b-3c6c-983d-e3c5ce7ff518', '03bc129a-8918-306c-9c1e-99f9655b67ed', '21-629-6555', 'off');
insert into drivers (id, owner_id, registration_number, status) values ('8ea6b589-5e85-3f1e-af72-eb193d693e79', '04ab511a-7bca-33e5-9576-95d80dd42701', '82-107-8223', 'on');
insert into drivers (id, owner_id, registration_number, status) values ('fcfec37e-5318-310a-9951-eddd8b528471', '1b2703b8-c813-3b44-8a10-2a52f253b15d', '95-135-6154', 'off');